{
  "main_file": "ESCAL056.ailang",
  "loaded_modules": [
    "Cobol",
    "JCL_Worker",
    "XArrays",
    "PostgreSQL_Complete",
    "Socket",
    "HashMap",
    "StringUtils",
    "SQL",
    "FixedPointTrig",
    "COBOL_ControlFlow",
    "JCL_DataLoader"
  ],
  "conflicts": {
    "HashMap.HGetSimple": [
      "Cobol",
      "PostgreSQL_Complete",
      "HashMap",
      "SQL",
      "JCL_DataLoader"
    ],
    "LibraryImport.JCL_Worker": [
      "Cobol",
      "JCL_DataLoader"
    ],
    "LibraryImport.XArrays": [
      "Cobol",
      "JCL_Worker",
      "PostgreSQL_Complete",
      "HashMap",
      "SQL",
      "FixedPointTrig",
      "JCL_DataLoader"
    ],
    "LibraryImport.PostgreSQL_Complete": [
      "Cobol",
      "JCL_Worker",
      "SQL",
      "JCL_DataLoader"
    ],
    "XArray.XSize": [
      "Cobol",
      "XArrays",
      "PostgreSQL_Complete",
      "HashMap",
      "SQL",
      "FixedPointTrig",
      "JCL_DataLoader"
    ],
    "SQL.RowCount": [
      "Cobol",
      "SQL"
    ],
    "Cobol.api_db_conn": [
      "Cobol",
      "JCL_Worker"
    ],
    "XArray.XGet": [
      "Cobol",
      "XArrays",
      "PostgreSQL_Complete",
      "HashMap",
      "SQL",
      "FixedPointTrig",
      "JCL_DataLoader"
    ],
    "SQL.GetValue": [
      "Cobol",
      "SQL"
    ],
    "Cobol.InitFileSystem": [
      "Cobol",
      "JCL_Worker"
    ],
    "ContainerConfig.db_conn": [
      "JCL_Worker",
      "JCL_DataLoader"
    ],
    "XUtil.XQuickSort": [
      "XArrays",
      "FixedPointTrig"
    ],
    "Helpers.StringCopy": [
      "XArrays",
      "SQL"
    ],
    "XArrays.XNULL": [
      "XArrays",
      "HashMap"
    ],
    "XArray.XDestroy": [
      "XArrays",
      "PostgreSQL_Complete",
      "HashMap",
      "StringUtils",
      "SQL",
      "FixedPointTrig"
    ],
    "XArray.XPush": [
      "XArrays",
      "PostgreSQL_Complete",
      "HashMap",
      "StringUtils",
      "SQL",
      "FixedPointTrig"
    ],
    "XSHash.XLookup": [
      "XArrays",
      "HashMap"
    ],
    "XArray.XSet": [
      "XArrays",
      "SQL"
    ],
    "XArray.XCreate": [
      "XArrays",
      "PostgreSQL_Complete",
      "HashMap",
      "StringUtils",
      "SQL",
      "FixedPointTrig"
    ],
    "library.load": [
      "XArrays",
      "SQL"
    ],
    "v1.0": [
      "XArrays",
      "SQL",
      "FixedPointTrig"
    ],
    "LibraryImport.StringUtils": [
      "PostgreSQL_Complete",
      "SQL"
    ],
    "HashMap.HDestroy": [
      "PostgreSQL_Complete",
      "HashMap"
    ],
    "LibraryImport.HashMap": [
      "PostgreSQL_Complete",
      "SQL"
    ],
    "HashMap.CreateSimple": [
      "PostgreSQL_Complete",
      "HashMap"
    ],
    "HashMap.HSetSimple": [
      "PostgreSQL_Complete",
      "HashMap"
    ]
  },
  "prefixes": {
    "PostgreSQL_Complete": "NSGK59HY",
    "HashMap": "NSY5FF0H",
    "StringUtils": "NS37MVGD",
    "JCL_DataLoader": "NSJ77B92",
    "Cobol": "NS2LW5LQ",
    "FixedPointTrig": "NSTMK5TY",
    "SQL": "NSOK10UN",
    "JCL_Worker": "NSSSHRZI",
    "XArrays": "NSYDX8UY"
  },
  "resolution_log": [
    {
      "file": "ESCAL056.ailang",
      "line": 158,
      "import": "Cobol",
      "type": "library"
    },
    {
      "file": "ESCAL056.ailang",
      "line": 159,
      "import": "COBOL_ControlFlow",
      "type": "library"
    },
    {
      "file": "ESCAL056.ailang",
      "line": 160,
      "import": "PostgreSQL_Complete",
      "type": "library"
    },
    {
      "file": "ESCAL056.ailang",
      "line": 161,
      "import": "XArrays",
      "type": "library"
    },
    {
      "file": "ESCAL056.ailang",
      "line": 162,
      "import": "HashMap",
      "type": "library"
    },
    {
      "file": "ESCAL056.ailang",
      "line": 163,
      "import": "JCL_DataLoader",
      "type": "library"
    },
    {
      "file": "Librarys/Library.Cobol.ailang",
      "line": 8,
      "import": "JCL_Worker",
      "type": "library"
    },
    {
      "file": "Librarys/Library.Cobol.ailang",
      "line": 9,
      "import": "PostgreSQL_Complete",
      "type": "library"
    },
    {
      "file": "Librarys/Library.Cobol.ailang",
      "line": 10,
      "import": "SQL",
      "type": "library"
    },
    {
      "file": "Librarys/Library.Cobol.ailang",
      "line": 11,
      "import": "FixedPointTrig",
      "type": "library"
    },
    {
      "file": "Librarys/Library.Cobol.ailang",
      "line": 12,
      "import": "XArrays",
      "type": "library"
    },
    {
      "file": "Librarys/Library.JCL_Worker.ailang",
      "line": 4,
      "import": "XArrays",
      "type": "library"
    },
    {
      "file": "Librarys/Library.JCL_Worker.ailang",
      "line": 5,
      "import": "PostgreSQL_Complete",
      "type": "library"
    },
    {
      "file": "Librarys/Library.JCL_Worker.ailang",
      "line": 6,
      "import": "Cobol",
      "type": "library"
    },
    {
      "file": "Librarys/Library.PostgreSQL_Complete.ailang",
      "line": 5,
      "import": "Socket",
      "type": "library"
    },
    {
      "file": "Librarys/Library.PostgreSQL_Complete.ailang",
      "line": 6,
      "import": "HashMap",
      "type": "library"
    },
    {
      "file": "Librarys/Library.PostgreSQL_Complete.ailang",
      "line": 7,
      "import": "XArrays",
      "type": "library"
    },
    {
      "file": "Librarys/Library.PostgreSQL_Complete.ailang",
      "line": 8,
      "import": "StringUtils",
      "type": "library"
    },
    {
      "file": "Librarys/Library.HashMap.ailang",
      "line": 5,
      "import": "XArrays",
      "type": "library"
    },
    {
      "file": "Librarys/Library.SQL.ailang",
      "line": 5,
      "import": "PostgreSQL_Complete",
      "type": "library"
    },
    {
      "file": "Librarys/Library.SQL.ailang",
      "line": 6,
      "import": "XArrays",
      "type": "library"
    },
    {
      "file": "Librarys/Library.SQL.ailang",
      "line": 7,
      "import": "HashMap",
      "type": "library"
    },
    {
      "file": "Librarys/Library.SQL.ailang",
      "line": 8,
      "import": "StringUtils",
      "type": "library"
    },
    {
      "file": "Librarys/Library.FixedPointTrig.ailang",
      "line": 7,
      "import": "XArrays",
      "type": "library"
    },
    {
      "file": "Librarys/Library.JCL_DataLoader.ailang",
      "line": 5,
      "import": "JCL_Worker",
      "type": "library"
    },
    {
      "file": "Librarys/Library.JCL_DataLoader.ailang",
      "line": 6,
      "import": "PostgreSQL_Complete",
      "type": "library"
    },
    {
      "file": "Librarys/Library.JCL_DataLoader.ailang",
      "line": 7,
      "import": "XArrays",
      "type": "library"
    }
  ]
}