{
  "program": "PAYROLL",
  "version": "1.0.0",
  "description": "Employee payroll processing system",
  "database_operations": {
    "reads": ["employees"],
    "writes": ["employees", "payroll_report"],
    "creates": []
  },
  "endpoints": [
    {
      "path": "/api/payroll/employee",
      "method": "POST",
      "action": "ADD_EMPLOYEE",
      "description": "Add a new employee to the system",
      "parameters": {
        "name": {
          "type": "string",
          "required": true,
          "max_length": 50
        },
        "hourly_rate": {
          "type": "decimal",
          "required": true,
          "min": 0,
          "max": 99999.99
        },
        "hours_worked": {
          "type": "decimal",
          "required": false,
          "default": 0.0
        }
      },
      "returns": {
        "type": "object",
        "properties": {
          "employee_id": "integer",
          "status": "string"
        }
      }
    },
    {
      "path": "/api/payroll/employees",
      "method": "GET",
      "action": "LIST_EMPLOYEES",
      "description": "Retrieve all employees",
      "parameters": {},
      "returns": {
        "type": "array",
        "items": {
          "employee_id": "integer",
          "name": "string",
          "hourly_rate": "decimal",
          "hours_worked": "decimal"
        }
      }
    },
    {
      "path": "/api/payroll/employee/:id",
      "method": "PUT",
      "action": "UPDATE_HOURS",
      "description": "Update employee hours worked",
      "parameters": {
        "employee_id": {
          "type": "integer",
          "required": true,
          "location": "path"
        },
        "hours_worked": {
          "type": "decimal",
          "required": true
        }
      },
      "returns": {
        "type": "object",
        "properties": {
          "status": "string",
          "updated_hours": "decimal"
        }
      }
    },
    {
      "path": "/api/payroll/process",
      "method": "POST",
      "action": "CALCULATE_PAYROLL",
      "description": "Process payroll for all employees",
      "parameters": {},
      "returns": {
        "type": "object",
        "properties": {
          "total_employees": "integer",
          "total_gross": "decimal",
          "total_tax": "decimal",
          "total_net": "decimal",
          "report_file": "string"
        }
      }
    }
  ]
}